Topic,Count,Name,Representation,Representative_Docs
-1,16633,-1_si_madrid_mundo_ser,"['si', 'madrid', 'mundo', 'ser', 'gobierno', 'tambien', 'espana', 'personas', 'hace', 'anos', 'vida', 'euros', 'puede', 'mas', 'empresa', 'millones', 'dos', 'pais', 'tras', 'solo']","[' esta cada vez mas cerca de ser un hecho madrid deberia tener f a partir de  falta la oficialidad por ambas partes pero segun fuentes cercanas a las partes interesadas madrid podria albergar el gp de espana de f en ifema y valdebebas a partir de  es algo de lo que se ha hablado mucho en los ultimos meses e incluso se especulo con la posibilidad de que se uniera en un mismo fin de semana motogp y f en un mismo trazado pero segun ha podido saber este diario esa opcion ha sido desechada  ', ' cabe el  advierten en el gobierno de pedro sanchez ante el polemico protocolo antiabortista puesto encima de la mesa por el ejecutivo de castilla y leon la primera y por ahora unica administracion autonomica en espana dirigida por el partido popular y la ultraderecha de vox pero el recurso a este articulo de la constitucion que podria llegar a intervenir las competencias en sanidad en esta comunidad autonoma seria la ultima opcion segun admiten en el ejecutivo si previamente no logran que se retire esta controvertida iniciativa  ', ' valencia salto a la esfera mediatica nacional el pasado  de mayo por la celebracion de su primera bienvenida a la ciudadania una suerte de bautizo civil con el objetivo de ampliar los derechos a todas aquellas personas no creyentes de forma que puedan realizar algun tipo de acto con motivo del nacimiento de un hijo sin embargo la nueva alcaldesa de valencia del pp maria jose catala ha decidido eliminar este tipo de actos una vez se realicen los que ya estan agendados y comprometidos en total siete  ']"
0,13728,0_pp_elecciones_partido_vox,"['pp', 'elecciones', 'partido', 'vox', 'feijoo', 'psoe', 'electoral', 'tribunal', 'sanchez', 'gobierno', 'presidente', 'prision', 'madrid', 'podemos', 'pedro', 'generales', 'diaz', 'popular', 'voto', 'anos']","[' la espada de damocles ha sido una constante sobre la cabeza de pedro sanchez desde que gano las primeras elecciones generales abril de  no logro la investidura y convoco de nuevo a las urnas para noviembre de ese mismo ano retrocedio en escanos pero formo gobierno de coalicion con la formacion liderada por pablo iglesias de resultas de esta segunda cita electoral desparecio albert rivera y se inicio la irreversible caida de ciudadanos hace dos anos fue pablo iglesias quien se retiro de la actividad politica de primera linea  ', ' el bloque de la derecha se queda a cuatro de la mayoria absoluta el tracking diario de db para el pais y la cadena ser muestra cambios notables respecto a la jornada anterior el pp perderia tres diputados hasta quedarse en  el psoe bajaria uno y obtendria un total de  vox permanece igual  y sumar ganaria cinco alcanzando los  su mejor estimacion desde junio tras el acuerdo para formar la coalicion en todo caso la formacion de extrema derecha conserva el codiciado tercer puesto con una estimacion de voto del   ', ' la presidenta del pp de la comunidad de madrid isabel diaz ayuso ha salido en defensa del lider nacional alberto nunez feijoo al tiempo que ha dado por hecho que pedro sanchez va a revalidar en el cargo como presidente del gobierno va a vender nuestra nacion a sus enemigos ha dicho antes de sostener que ya tiene todo pactado especialmente con arnaldo otegi y carles puigdemont unas palabras que dejan en evidencia a genova que sigue insistiendo en pelear la investidura quiere gobernar con los que buscan romper espana ha sostenido so  ']"
1,3495,1_ucrania_rusia_ruso_guerra,"['ucrania', 'rusia', 'ruso', 'guerra', 'putin', 'rusa', 'rusos', 'ucraniano', 'otan', 'rusas', 'militar', 'kiev', 'moscu', 'ejercito', 'invasion', 'ucranianos', 'fuerzas', 'vladimir', 'tanques', 'israel']","[' en una medida condenada en moscu el consejo de defensa y seguridad nacional de ucrania le dijo al gobierno que redactara la ley luego de una serie de redadas en parroquias que segun kiev podrian estar recibiendo ordenes de moscu mientras rusia libra la guerra contra ucrania el servicio de seguridad de ucrania sbu tambien continuo con sus redadas el viernes y dijo que registro al menos cinco parroquias pertenecientes a una rama de la iglesia ortodoxa ucraniana que hasta mayo estuvo subordinada a la iglesia ortodoxa rusa  ', ' el pentagono ha dado un respaldo tacito a los ataques de largo alcance de ucrania contra objetivos dentro de rusia despues de los multiples ataques con misiles del presidente putin contra la infraestructura critica de kiev desde que comenzaron los ataques diarios contra civiles en octubre el pentagono ha revisado su evaluacion de la amenaza de la guerra en ucrania de manera crucial esto incluye nuevos juicios sobre si los envios de armas a kiev podrian conducir a una confrontacion militar entre rusia y la otan  ', ' una asociacion poco conocida que apoya a las viudas de los soldados rusos ha pedido al presidente vladimir putin que ordene una movilizacion a gran escala de millones de hombres y que cierre las fronteras para asegurar la victoria en ucrania putin el lider supremo de rusia de  anos esta bajo una intensa presion para lograr la victoria en ucrania despues de mas de  meses despues de que envio tropas como parte de una operacion que segun dice tenia como objetivo defender a los rusos en el este de ucrania  ']"
2,3023,2_pelicula_musica_cine_cancion,"['pelicula', 'musica', 'cine', 'cancion', 'peliculas', 'the', 'banda', 'juego', 'juegos', 'disco', 'musical', 'libros', 'novela', 'obra', 'arte', 'historia', 'rock', 'album', 'videojuegos', 'artista']","[' tengo un amigo que es artista pese a haber ganado un premio nobel y haber participado en el proyecto manhattan de una de las cosas que mas orgulloso se sentia aquel hombre era de ser capaz de ver la belleza de una flor y de aprender de jerry su amigo artista sin embargo no habia sido siempre asi segun contaria mas tarde el mismo en uno de sus libros de joven era una persona monotematica solo tenia ojos para la ciencia por suerte eso cambiaria y se adentraria en el mundo de la pintura la musica y la literatura  ', ' dark city  fue un fracaso debido a que su distribuidora new line no supo como venderla es ciencia ficcion es cine negro se trata de un pastiche de multitud de cosas sea como fuere lo cierto es que el film de alex proyas no lo vio casi nadie aun recuerdo en el momento de su estreno los cuatro matados que estabamos en la sala mientras yo me sorprendia por no ver a casi nadie en la nueva pelicula del director de la admirada el cuervo the crow  sin embargo al ano siguiente todo el mundo alucino con the matrix  ', ' redbook ediciones presenta un nuevo libro sobre the cure escrito por marcos gendre llega un nuevo volumen en castellano sobre una de las bandas mas influyentes y duraderas en la historia del rock la tarea de narrar la historia de esta banda no es facil ya que han creado muchos exitos y han trascendido a la cultura popular con su musica el libro ofrece una radiografia detallada del grupo su evolucion musical los cambios en su formacion y su exito comercial en los anos  y  desde sus origenes en la musica punk hasta su viaje por el got  ']"
3,2004,3_animales_animal_perros_perro,"['animales', 'animal', 'perros', 'perro', 'especies', 'arqueologos', 'caza', 'especie', 'aves', 'piedra', 'restos', 'romano', 'romana', 'siglo', 'conservacion', 'ac', 'descubierto', 'arboles', 'antigua', 'metros']","[' los arqueologos han descubierto los cimientos de un fuerte romano perdido del siglo ii en el oeste de escocia al norte de glasgow que formaba parte de un malogrado intento de extender el control del imperio por toda gran bretana el fuerte era una de las  estructuras defensivas construidas a lo largo de la muralla antonina una fortificacion de tierra y madera que atravesaba escocia en su punto mas estrecho a lo largo de  kilometros segun la agencia gubernamental historic environment scotland hes  ', ' segun ha informado el instituto armado el pasado  de julio el ahora investigado presento una denuncia en el cuartel de la guardia civil manifestando que la tarde anterior varios vehiculos habian atropellado y matado a su perro sin llegar ninguno a parar a socorrerlo despues de las investigaciones los agentes comprobaron que el animal murio a consecuencia de los golpes que le habia propinado su propio dueno por este motivo se dio inicio a una investigacion como supuesto autor de un delito de maltrato animal y otro de denuncia falsa  ', ' segun un nuevo estudio un arma de caza de  anos de antiguedad ha arrojado nueva luz sobre la maestria de los primeros humanos en el trabajo de la madera el analisis mas avanzado de un palo arrojadizo de madera de doble punta hallado en schoningen alemania hace tres decadas demuestra que fue raspado curado y lijado antes de ser utilizado para matar animales la investigacion indica que las tecnicas de carpinteria de los primeros humanos estaban mas desarrolladas y eran mas sofisticadas de lo que se creia hasta ahora  ']"
4,1661,4_inflacion_banco_pensiones_tipos,"['inflacion', 'banco', 'pensiones', 'tipos', 'bancos', 'bce', 'interes', 'banca', 'impuesto', 'deuda', 'subida', 'bank', 'pib', 'economia', 'precios', 'hipotecas', 'euros', 'jubilacion', 'trimestre', 'impuestos']","[' la proxima subida de tipos de interes del banco central europeo bce seguira alimentando las cuentas de la banca nacional pero a unas entidades mas que a otras pese a que el endurecimiento monetario asi como la escalada del euribor ha favorecido a todos los bancos espanoles caixabank y bankinter se erigen como las companias a las que las progresivas subidas de tipos les beneficia mas que al resto de la gran banca  ', ' las rentabilidades de los depositos han mejorado tras la fuerte subida de los tipos de interes del banco central europeo bce pero de manera muy desigual entre los paises de la zona euro espana se situa en el furgon de cola con remuneraciones promedio por debajo del  asi en la eurozona se paga de media un  mas por los ahorros que en la geografia espanola aunque sobresalen ofertas la mayoria de entidades que opera en suelo espanol no se ha lanzado a por el pasivo de forma agresiva y la gran banca se mantiene todavia al margen  ', ' la deuda consolidada de las empresas y de los hogares se redujo en el primer trimestre un  hasta los  millones de euros segun las cuentas financieras de la economia espanola publicadas hoy por el banco de espana el documento muestra que a pesar de que las familias y empresas han ido disminuyendo sus activos en los tres primeros meses del ano como consecuencia de la subida de los tipos de interes por parte del banco central europeo bce es un  superior al alcanzado a finales de  antes de la pandemia  ']"
5,1304,5_vivienda_alquiler_agua_viviendas,"['vivienda', 'alquiler', 'agua', 'viviendas', 'pisos', 'contaminacion', 'propietarios', 'donana', 'residuos', 'parque', 'sequia', 'zonas', 'rio', 'ley', 'precio', 'ecologica', 'aguas', 'piso', 'precios', 'ambiental']","[' la mitad de duenos tiene  inmuebles o mas en alquiler la vivienda no esta en manos de pequenos arrendadores vulnerables zanja lucia martin concejala de vivienda de barcelona  propietarios concentran tal cantidad de pisos como habitantes hay en el barri gotic de barcelona  empresas particulares adms publicas instituciones religiosas o entidades sin animo de lucro tienen en su poder  viviendas de la capital catalana y eso tiene consecuencias detras de  de cada  hogares en alquiler en la capital catalana hay una empresa  ', ' pedro sanchez ha anunciado este miercoles en el congreso que el gobierno financiara otras  viviendas destinadas al alquiler a precios asequibles para facilitar su acceso a familias y jovenes  habra una linea del ico para esta medida se destinara al alquiler social o la cesion de uso de  anos tenemos uno de los porcentajes mas bajos ridiculos y bochornosos de parque publico de vivienda tenemos menos del  a una distancia sideral de holanda o dinamarca donde estan en un    ', '  viviendas sin uso que hay en santiago segun datos del instituto nacional de estadistica ine unas cifras inasumibles para una ciudad de menos de  habitantes cuyos elevados precios de compra y alquiler llevan decadas expulsando a los vecinos a localidades limitrofes y la cifra es aun mas sorprendente en lugo que cuenta con unas  viviendas en total de las cuales  una de cada cinco estan sin habitar todo ello en una comunidad la gallega que tiene el mayor porcentaje de viviendas vacias de espana  ']"
6,1284,6_detenido_policia_hombre_victima,"['detenido', 'policia', 'hombre', 'victima', 'mujer', 'agentes', 'joven', 'guardia', 'arma', 'nacional', 'mossos', 'agresion', 'desquadra', 'hechos', 'arrestado', 'presunto', 'civil', 'pareja', 'robo', 'presuntamente']","[' el hombre de  anos presuntamente apunalo a su esposa cuando se encontraba en el dormitorio de madrugada un hombre ha sido detenido en la madrugada de este lunes por la guardia civil acusado de tratar de matar a su mujer en su vivienda de cieza segun confirmaron fuentes cercanas al caso el sospechoso de  anos agredio con un cuchillo de once centimetros de hoja a su esposa cuando se encontraba en el dormitorio segun explicaron las fuentes la victima de  anos se encuentra ingresada en el hospital de cieza con lesiones de  ', ' sobre la medianoche de este viernes agentes de la ertzaintza han detenido en bilbao a un joven de  anos por su presunta implicacion en el asesinato de una mujer de  anos con la que le unen lazos familiares la victima ha sido encontrada fallecida en una vivienda y presentaba lesiones provocadas por arma blanca el mismo arrestado se ha acercado tras el suceso a una patrulla que se encontraba en la via publica para informar del homicidio segun informan fuentes del departamento de seguridad del gobierno vasco  ', ' la victima presentaba heridas provocadas por arma blanca en cuello torax y espalda la policia nacional ha detenido a un varon de  anos de edad y nacionalidad ghanesa como supuesto autor de un delito de tentativa de homicidio y robo con violencia en murcia sucedio en la madrugada del pasado dia  de diciembre cuando se tuvo conocimiento de que habia un hombre tendido en la via publica rapidamente se desplazo al lugar una ambulancia que lo traslado a un centro sanitario donde comprobaron que la victima presentaba heridas graves  ']"
7,1203,7_energia_coches_electricos_electricidad,"['energia', 'coches', 'electricos', 'electricidad', 'electrico', 'baterias', 'renovables', 'gas', 'coche', 'vehiculos', 'hidrogeno', 'solar', 'emisiones', 'electrica', 'solares', 'energetica', 'precio', 'mercado', 'automoviles', 'produccion']","[' en junio de  la union europea reafirmo su acuerdo para prohibir la venta de automoviles y furgonetas nuevos propulsados por gasolina y diesel para  los principales fabricantes de automoviles ofrecen ahora modelos   electricos y se va incrementando el volumen de instalacion de cargadores de acceso publico en toda europa en consecuencia las ventas de vehiculos electricos se han multiplicado por  en europa solo en los ultimos  anos con mas de  millones de vehiculos electricos vendidos en  lo que equivale a mas del   ', ' espana se dispone a consolidar su liderazgo en el sector de la energia verde aprovechando las cuantiosas inversiones realizadas en la ultima decada segun las previsiones de rystad energy el pais esta camino de generar mas de la mitad de su energia a partir de fuentes renovables este ano siendo el primero de los cinco paises europeos con mayor demanda electrica en lograr esta hazana asi superara a alemania francia italia y reino unido  ', ' el grupo pamesa ha presentado este jueves la primera planta ceramica libre de emisiones de carbono la aplicacion de una nueva tecnologia de combustible basado en hidrogeno ha permitido sustituir el consumo del gas natural de la planta de atomizacion que la firma ostenta en onda el primer cambio de la compania azulejera que preve replicar en el resto de instalaciones con el objetivo de acabar con las emisiones de co en todo el proceso de atomizacion de la ceramica que supone el  de la energia consumida por el sector  ']"
8,1138,8_temperaturas_calor_grados_temperatura,"['temperaturas', 'calor', 'grados', 'temperatura', 'incendios', 'climatico', 'incendio', 'clima', 'hielo', 'calentamiento', 'nieve', 'lluvias', 'record', 'cambio', 'ola', 'fuego', 'hectareas', 'climatica', 'altas', 'bomberos']","[' en la actualidad hay alertas de calor en toda europa asia y eeuu para decenas de millones de personas hace solo unos meses varias regiones del norte de china luchaban contra un frio extremo con temperaturas por debajo de los c el domingo el panorama fue totalmente diferente en estados unidos el paso texas las temperaturas se mantuvieron sobre los c durante  dias consecutivos lo que sobrepasa el record anterior de  dias  el calor en italia podria batir records continentales en grecia miles de personas han sido evacuadas  ', ' las islas canarias se han visto afectadas por una ola de calor sin precedentes con temperaturas extremadamente altas en varias zonas gran canaria ha registrado una temperatura maxima de  grados en tasarte mientras que maspalomas centro insular de turismo alcanzo los  grados tenerife tambien experimento altas temperaturas llegando a los  grados en puntagorda ante esta situacion el gobierno de canarias ha declarado alerta por temperaturas maximas en tenerife y gran canaria y prealerta en el resto del archipielago  ', ' los cientificos estan asombrados no solo por cuanto se han calentado las aguas durante el ultimo mes sino tambien por lo temprano en el ano de esta ola de calor las aguas calidas son una amenaza para la vida marina y podrian empeorar las olas de calor sobre la tierra este verano dicen las temperaturas de la superficie del mar alcanzan los  grados celsius  grados fahrenheit por encima de lo normal las mas calidas en mas de  anos y son mas tipicas de agosto y septiembre cuando las aguas suelen ser mas calidas  ']"
9,1117,9_aborto_mujeres_violencia_trans,"['aborto', 'mujeres', 'violencia', 'trans', 'embarazo', 'ley', 'igualdad', 'genero', 'sexo', 'sexual', 'sexuales', 'prostitucion', 'hombres', 'mujer', 'machista', 'derechos', 'feminista', 'montero', 'irene', 'derecho']","[' el centro de investigaciones sociologicas cis ha publicado este miercoles un avance de los resultados que aporta la nueva encuesta sobre cuestiones de actualidad la violencia sexual contra las mujeres esta medicion sale a la luz en pleno debate por la intencion del psoe de reformar la recien aprobada ley del si es si tras las rebajas de penas a agresores sexuales y las diferencias evidenciadas con sus socios de ejecutivo unidas podemos promotores principales de la norma a traves del ministerio de igualdad  ', ' no es cierto por tanto que se puedan esquivar denuncias o condenas por violencia de genero por el simple hecho de cambiar la mencion relativa al sexo en el registro civil despues de una agresion machista o que los maltratadores queden impunes como algunas personas han afirmado a traves de las redes sociales en este reportaje resolvemos las dudas mas relevantes en torno a la violencia de genero las personas trans y el proyecto de ley del ministerio de igualdad  ', ' demandas de reforma de la ley de aborto despues de que la madre de tres hijos fuera encarcelada por poner fin al embarazo una mujer de  anos ha sido encarcelada por llevar a cabo un aborto tardio en su bebe de  a  semanas el  comite de mujeres e igualdad de los comunes se unio a los grupos de derechos de la mujer para pedir la reforma de la legislacion desactualizada de  utilizada para procesar a carla foster  ']"
10,1034,10_espacial_nasa_luna_cohete,"['espacial', 'nasa', 'luna', 'cohete', 'mision', 'tierra', 'nave', 'universo', 'planeta', 'espacio', 'lanzamiento', 'avion', 'estrellas', 'vuelo', 'solar', 'luz', 'fusion', 'estacion', 'cientificos', 'aviones']","[' en el clip de poco mas de  segundos se observa a nuestro hogar iluminado desde un costado por el sol mientras se aleja la nasa compartio a traves de redes sociales un video en el que se puede apreciar a la tierra vista desde artemis i conforme orion comenzaba la mision hacia la luna la nave logro capturar impresionantes imagenes de nuestro planeta visto desde el espacio  ', ' muy probablemente la fotografia mas conocida del planeta tierra tomada desde la luna es la que realizo la mision apolo  de la nasa en julio de  una foto espectacular que sin embargo no es la unica imagen de ese tipo que se tomo en aquella epoca ni tampoco la primera durante la denominada carrera espacial entre estados unidos y la union sovietica ambas potencias lograron importantes hitos para la historia de la humanidad mientras que la nasa estadounidense consiguio que por primera vez un ser humano pisara la   ', ' spacex lanzo el jueves cuatro astronautas a la estacion espacial internacional para la nasa entre ellos la primera persona del mundo arabe que viaja para una estancia prolongada de un mes  el cohete falcon despego del centro espacial kennedy poco despues de medianoche mientras se dirigia hacia la costa este  cerca de  espectadores de los emiratos arabes unidos observaron desde el lugar del lanzamiento como el astronauta sultan alneyadi  el segundo emirati que vuela al espacio  despegaba en su mision de seis meses  ']"
11,1025,11_sanidad_huelga_medicos_primaria,"['sanidad', 'huelga', 'medicos', 'primaria', 'atencion', 'pacientes', 'hospital', 'salud', 'sanitarios', 'medico', 'hospitales', 'urgencias', 'profesionales', 'sanitario', 'sindicato', 'sanitaria', 'consejeria', 'publica', 'centros', 'sindicatos']","[' la presidenta de la comunidad de madrid isabel diaz ayuso ha acusado este viernes al comite de huelga de medicos y pediatras de atencion primaria de okupar ilegalmente un espacio publico la direccion general de recursos humanos del servicio madrileno de salud sermas las personas que estan ahora mismo en la consejeria no son medicos tal cual son nueve personas no son los medicos  ', ' se intensifica el conflicto en la sanidad madrilena contra la gestion del gobierno de isabel diaz ayuso a poco mas de un mes para las elecciones del  de mayo casi  profesionales de hospitales centros de salud y summa  estan llamados a una huelga convocada por ccoo ugt satse y csit para advertir de la insostenible situacion que viven los y las trabajadoras del sistema publico y denunciar la negativa y la indiferencia de la consejeria de sanidad a hablar y negociar mejoras laborales  ', ' con los presupuestos prorrogados y una huelga de medicos de familia y atencion primaria que volvera a retomarse tras las fiestas navidenas la comunidad de madrid encara el  como la comunidad que menos dinero destinara a la atencion primaria  segun un informe de la federacion de asociaciones para la defensa de la sanidad publica fadsp el ejecutivo presidido por isabel diaz ayuso tan solo dedicara un  del presupuesto sanitario publico s los presupuestos de las autonomias dedicados a la atencion primaria crecen solo seis centesim  ']"
12,990,12_twitter_musk_elon_usuarios,"['twitter', 'musk', 'elon', 'usuarios', 'plataforma', 'netflix', 'red', 'apple', 'datos', 'google', 'cuentas', 'amazon', 'compania', 'web', 'internet', 'usuario', 'clientes', 'aplicaciones', 'microsoft', 'informacion']","[' desde el primer dia en el que elon musk se asento como jefe de twitter la plataforma y red social no ha parado de recibir cambios cambios que no han sido muy acogidos como la despedida masiva de empleados para recortar gastos la falta de moderacion en twitter la necesidad de pagar twitter blue para verificar las cuentas y un sinfin mas sobre el futuro de la compania no sabemos nada salvo que estara en manos de elon musk y ahora se ha descubierto que twitter tendra su propia criptomoneda para ser usada como sistema de monetizacion   ', ' la cuenta oficial de mastodon en twitter ha sido suspendida aunque el funcionamiento de mastodon no es como el de la ahora plataforma de twitter la plataforma ha recibido un exodo de usuarios que han abandonado la red de microblogging luego de la toma de poder por musk ni elon musk ni twitter tienen una postura de por que el rival directo ha sido suspendido pero todo podria tener que ver con el bot de jack sweeney el mismo que rastrea los movimientos del jet privado de elon musk y los compartia a traves de twitter musk prometio en noviem  ', ' hace unos dias se anuncio que microsoft retiraria a twitter de su plataforma de publicidad el proximo  de abril esto viene en respuesta al cambio que realizo twitter en el acceso a su api con el que pretendia cobrarle  dolares a las empresas que quisieran acceder a ella apple tambien podria estar cerca de abandonar la red social de elon musk de hecho por estar estuvo hasta cerca de retirarla de la app store parece ser  ']"
13,822,13_alimentos_supermercados_productos_carne,"['alimentos', 'supermercados', 'productos', 'carne', 'precios', 'comer', 'consumo', 'comida', 'iva', 'alimentacion', 'alcohol', 'compra', 'cafe', 'vino', 'consumidores', 'precio', 'producto', 'restaurante', 'rebaja', 'origen']","[' la alimentacion mantiene la escalada de los precios en enero el coste en origen se ha incrementado tan solo en la primera quincena de enero un  respecto al cierre de  segun los datos del ministerio de agricultura en varios alimentos beneficiados por esta medida sus precios siguen en alza y ante la imposibilidad de los supermercados de repercutir estas subidas se estan recortando aun mas sus margenes los huevos a finales de diciembre tenian un valor medio de  euros por kilo a principios de enero  euros  ', ' mientras la inflacion en el sector energetico se modera los precios de los alimentos siguen subiendo en portugal como ocurre en espana para algunos productos como la lechuga la leche el azucar los tomates o los huevos el aumento en los supermercados ha sido de mas de un  en un ano una escalada de precios que ha llevado a los consumidores y ahora al gobierno a cuestionar los margenes de las grandes empresas de distribucion alimentaria  ', ' analizamos la variacion del indice de precios de consumo ipc en mas de  productos durante el ultimo ano para ver que se ha encarecido mas durante la crisis de inflacion los precios de la alimentacion vuelven a subir en febrero despues de la ligera moderacion del mes pasado la rebaja del iva aprobada por el gobierno en diciembre se noto en enero en alimentos basicos como el pan la leche los huevos o las patatas cuyo iva bajo del  al  y en el aceite y las pastas alimenticias que tuvieron una rebaja del  al  pero los precios  ']"
14,818,14_trabajadores_laboral_empleo_empleados,"['trabajadores', 'laboral', 'empleo', 'empleados', 'despido', 'trabajo', 'salario', 'paro', 'plantilla', 'convenio', 'jornada', 'salarial', 'sindicatos', 'trabajador', 'empresas', 'laborales', 'ugt', 'empresa', 'minimo', 'salarios']","[' el gobierno vasco propondra a empresas y sindicatos ensayar la semana laboral de cuatro dias la vicelehendakari y consejera de trabajo y empleo del gobierno vasco idoia mendia ha anunciado este viernes en el parlamento vasco y de manera deliberada que llevara a la reunion de la mesa de mesa de dialogo social de este mes de marzo la creacion de un grupo de innovacion en las relaciones laborales que aborde la semana de cuatro dias laborables con el mismo salario  ', ' yolanda diaz ministra de trabajo y vicepresidenta segunda del gobierno participo en las jornadas confederales de la ugt celebradas la semana pasada y en ellas expreso la voluntad del ministerio de vislumbrar un futuro mucho mas moderno para la jornada laboral de ocho horas segun informo europa pressnuestros vecinos van por el mismo sendero esta previsto que el pais iberico celebre una prueba piloto de la semana laboral de cuatro dias en el segundo semestre de  la cual parece haber sido bien acogida entre las empresas pequenas  ', ' los sindicatos y la asociacion nacional grandes de empresas de distribucion anged que engloba a empresas como el corte ingles carrefour o ikea entre otras han acordado un incremento salarial del  en cuatro anos en el marco de la negociacion del nuevo convenio de grandes almacenes el mas grande de espana al afectar a unos  trabajadores segun ha dado a conocer la confederacion sindical independiente fetico sindicato mayoritario con un  y que ha estado acompanado por ccoo valorian y ugt en la mesa social de la subida   ']"
15,744,15_artificial_inteligencia_chatgpt_ia,"['artificial', 'inteligencia', 'chatgpt', 'ia', 'gpt', 'openai', 'google', 'lenguaje', 'microsoft', 'modelos', 'codigo', 'software', 'herramientas', 'version', 'herramienta', 'crear', 'modelo', 'web', 'tecnologia', 'capaz']","[' han usado la ia gpt para crear wolverine un programa que detecta errores de tu codigo y realiza los cambios necesarios para arreglarlo la capacidad de la inteligencia artificial no deja de asombrarnos pues lo que hace un tiempo parecia imposible ahora no lo es imaginad hace  anos pensar que una ia podia hacer nuestro trabajo crear musica textos e imagenes por su cuenta a un nivel de calidad de un ser humano sonaba a historia de ciencia ficcion pero es que ahora la ia gpt incluso es capaz de arreglar tu codigo de programacion  ', ' alphacode este nuevo sistema de inteligencia artificial llega de la mano de la celebre deepmind subsidiaria de google mejor que los humanos aunque copilot y chatgpt son los mas populares el verdadero referente en sistemas de ia que programan era codex lanzado en  por openai y entrenado con mas de  gb de codigo de github en deepmind tambien han entrenado su sistema con codigo de estos repositorios pero ademas han anadido entrenamiento basado en problemas recolectados de programacion  ', ' la inteligencia artificial gpt ha creado una revolucion en el mundo de la tecnologia esta inteligencia artificial ha sido disenada para ser mas humana que los sistemas ai anteriores dotandola de la habilidad de aprender de manera continua y generar respuestas humanas esta nueva ia se ha convertido en una de las principales fuentes de innovacion permitiendo a los usuarios crear aplicaciones y robots que se comporten de manera humana  ']"
16,626,16_trenes_conductor_tren_vehiculo,"['trenes', 'conductor', 'tren', 'vehiculo', 'accidente', 'velocidad', 'coche', 'trafico', 'conductores', 'transporte', 'carretera', 'transportes', 'pasajeros', 'via', 'lineas', 'linea', 'alta', 'multas', 'policia', 'carreteras']","[' la guardia civil ha arrestado al conductor de un automovil por su presunta responsabilidad en un accidente de trafico en el que murieron dos ocupantes del vehiculo y otros dos resultaron gravemente heridos el incidente ocurrio alrededor de las  horas del  de junio en el kilometro  de la autovia del sur a madridcadiz en direccion descendente en el municipio de viso del marques ciudad real por razones aun desconocidas el automovil que conducia el detenido se salio de la via por el margen derecho  ', ' componentes del subsector de trafico de la guardia civil de albacete han investigado al conductor de un vehiculo por un delito contra la seguridad vial al circular con exceso de velocidad la persona investigada circulaba a  kilometros por hora cuando la velocidad generica de la via era de   ', ' la guardia civil ha detenido al conductor de camion con semirremolque que circulaba por la n a la altura de huercalovera almeria con una tasa de alcoholemia que multiplicaba por nueve el maximo permitido para profesionales el arrestado provoco un accidente de trafico sin victimas aunque si causo danos materiales en otro vehiculo segun ha informado la comandancia tras ser interceptado el camion por la patrulla de trafico se sometio al conductor a la prueba de alcohol arrojando un resultado de  mgl en aire espirado  ']"
17,600,17_cancer_covid_virus_enfermedad,"['cancer', 'covid', 'virus', 'enfermedad', 'celulas', 'enfermedades', 'coronavirus', 'muertes', 'investigadores', 'casos', 'pandemia', 'cientificos', 'estudio', 'sintomas', 'salud', 'riesgo', 'tratamiento', 'pacientes', 'humanos', 'revista']","[' la nacion insular reporto  nuevos casos de coronavirus  menos que el miercoles el numero de muertes relacionadas con el coronavirus reportadas en todo el pais fue un record de  informa japan today el numero de personas infectadas hospitalizadas con sintomas graves en tokio fue de  cinco menos que el miercoles en cuanto al numero de personas que mueren por covid en los ultimos tres meses en japon es casi  veces mayor que durante el mismo periodo del ano pasado  ', ' investigadores del md anderson cancer center de la universidad de texas estados unidos han descubierto un gen del cromosoma y que se regula al alza en el cancer colorrectal ccr con mutacion de kras lo que aumenta la invasividad de las celulas tumorales y reduce la inmunidad antitumoral en los pacientes varones  el estudio preclinico publicado en la revista nature aporta nuevos datos sobre los mecanismos moleculares y celulares que provocan el aumento de las metastasis y el mal pronostico en los hombres con ccr los resultados  ', ' la covid ya no es una emergencia internacional despues de que la organizacion mundial de la salud oms asi lo indicara el pasado miercoles pero los investigadores continuan estudiando la enfermedad y el virus para tratar de desentranar los misterios ocultos todavia por el coronavirus  ']"
18,456,18_alumnos_educacion_estudiantes_centros,"['alumnos', 'educacion', 'estudiantes', 'centros', 'escuela', 'profesores', 'escolar', 'curso', 'colegio', 'escuelas', 'clases', 'colegios', 'universidad', 'acoso', 'padres', 'universidades', 'clase', 'privados', 'profesor', 'hijos']","[' el gobierno vasco dejara de financiar a partir del proximo curso escolar a los centros educativos que separen a los alumnos en funcion de su genero segun ha anunciado el consejero de educacion jokin bildarratz que ha explicado que su departamento ya ha dado a conocer esta decision a los seis colegios que siguen aplicando esta forma de segregacion escolar  ', ' la comunidad de madrid es la que mas estudiantes tiene becados en la educacion privada en la region presidida por isabel diaz ayuso el  de los alumnos con una beca autonomica estudia en centros privados de acuerdo con los ultimos datos del ministerio de educacion del curso  casi el doble que la media nacional situada en el   ', ' los padres del colegio publico de la granja en la ciudad de leon han realizado una encuesta en la que mas del  de las familias del centro optarian si pudieran por no participar en el programa de secciones bilingues al que esta adherido el centro y por el que todos los alumnos de primaria aprenden dos asignaturas en ingles  el bilinguismo en los centros educativos publicos como lo conocemos hoy en dia nacio en el curso  despues de que la junta de castilla y leon desde la consejeria de educacion cuya cartera era por entonces  ']"
19,288,19_cocaina_medicamentos_droga_drogas,"['cocaina', 'medicamentos', 'droga', 'drogas', 'kilos', 'consumo', 'toneladas', 'operacion', 'puerto', 'policia', 'sustancias', 'guardia', 'civil', 'productos', 'uso', 'operativo', 'colombia', 'trafico', 'sanidad', 'nacional']","[' nunca llegaron a cruzar el atlantico pero  kilos de cocaina tenian comprado el billete de ida para cruzar el oceano desde colombia hasta galicia desde alli una red espanola de narcotrafico pretendia cortarla y moverla para inundar las calles de espana con una droga que a una media de  euros el gramo que puede llegar a costar en la calle habria alcanzado un precio de mercado que rondaria los  millones de euros una vez cortada y vendida al por mayor segun calculos de la propia audiencia nacional antes de que todo eso sucediera  ', ' con poco mas de  habitantes amberes es mundialmente conocida como la capital del diamante sin embargo el mercado que ha llamado la atencion de las autoridades europeas no esta alli en el centro historico sino en su costa solo en  se incautaron  toneladas de cocaina en el puerto de la ciudad lo que convierte a belgica en el pais de europa con mayor cantidad de incautaciones de droga y esto es solo una parte de un gran mercado las autoridades estiman que solo se incauta una decima parte de toda la cocaina enviada al puerto  ', ' al hablar de cocaina la ciudad espanola que mas consume esta droga es barcelona o al menos eso reflejan sus aguas residuales segun un estudio de  realizado por el observatorio europeo de las drogas y las toxicomanias oedt una agencia de la union europea en la ciudad condal habia  mgpdia de cocaina en sus aguas residuales  ']"
20,279,20_buque_barco_rescate_bordo,"['buque', 'barco', 'rescate', 'bordo', 'puerto', 'mar', 'barcos', 'aguas', 'costa', 'busqueda', 'pasajeros', 'desaparecido', 'restos', 'marina', 'costas', 'migrantes', 'personas', 'armada', 'zona', 'bandera']","[' el buque hidrografico malaspina con base en la carraca en san fernando quedo varado este jueves en un bajo en las proximidades de isla es vedra en ibiza donde se encuentra realizando una campana hidrografica segun informo la armada el barco consiguio salir con el apoyo de un remolcador del servicio de salvamento maritimo sasemar y buceadores de la guardia civil empezando a navegar con seguridad dirigiendose a puerto  ', ' en  el buque de guerra klein hollandia pequena holanda en neerlandes formaba parte de un escuadron al mando del almirante de haese que escoltaba la flota de los paises bajos desde el puerto griego de esmirna en direccion al canal de la mancha en su ruta hacia su pais a la altura de la isla de wight frente a las costa de southampton al sur de inglaterra el klein hollandia fue atacado por una flota inglesa de hecho el barco fue apresado pero cuando los ingleses intentaron remolcarlo hasta la costa se hundio definitivamente  ', ' dos hombres nigerianos de  y  anos fueron localizados el lunes por la noche en la pala del timon de un buque a su llegada al puerto de las palmas tras una travesia que comenzo en nigeria la semana pasada esta es la segunda vez en menos de un mes en la que un barco  de msc llega al puerto de las palmas con personas subidas a la pala del timon el pasado  de junio otros dos jovenes marfilenos de  y  anos de edad llegaron tras  dias de viaje desde abiyan capital de costa de marfil  ']"
21,272,21_migrantes_poblacion_inmigrantes_pobreza,"['migrantes', 'poblacion', 'inmigrantes', 'pobreza', 'frontera', 'habitantes', 'paises', 'mexico', 'porcentaje', 'personas', 'pais', 'fronteras', 'espana', 'ine', 'estadistica', 'pobres', 'mapa', 'tasas', 'riesgo', 'social']","[' espana es el segundo pais de la union europea con mayor tasa de ninos y adolescentes en riesgo de pobreza y exclusion social solo por debajo de rumania  andalucia  extremadura  y murcia  son las comunidades autonomas con tasas de riesgo de pobreza y exclusion social en la infancia muy por encima de la media de espana la comunidad valenciana tambien muestra unas elevadas tasas de pobreza infantil ya que en el  el  de la infancia estaba en riesgo de pobreza y exclusion social  ', ' china registro su primera disminucion de la poblacion en  anos el martes pero no es el unico pais donde el numero de personas esta disminuyendo ocho paises con mas de  millones de habitantes han visto disminuir su poblacion en la ultima decada la mayoria son europeos junto con ucrania cuya poblacion se ha desplomado debido a la invasion rusa el numero de personas en italia portugal polonia rumania y grecia esta disminuyendo hay muchas razones detras de estas caidas algunas unicas para cada pais pero todas comparten bajas tasas  ', ' espana es el cuarto pais con el mayor porcentaje de personas en riesgo de pobreza o exclusion social de la union europea por debajo de rumania bulgaria y grecia segun datos de  de eurostat se trata de mas de  millones de espanoles el  de la poblacion que estan en riesgo de padecer pobreza o exclusion valores que estan por encima de la media de la ue  en   los paises con menor porcentaje de la lista son polonia  eslovenia  y republica checa   ']"
22,235,22_trump_donald_documentos_expresidente,"['trump', 'donald', 'documentos', 'expresidente', 'biden', 'periodista', 'gonzalez', 'jurado', 'cargos', 'polonia', 'joe', 'secretos', 'espionaje', 'blanca', 'unidos', 'acusacion', 'abogados', 'fiscal', 'pablo', 'conspiracion']","[' un gran jurado federal de estados unidos ha citado este miercoles al exasesor del expresidente donald trump steve bannon por su conducta durante el asalto al capitolio  a pesar de que bannon dejo la casa blanca antes de las elecciones alento al expresidente a anularlas y le presiono tanto en publico como en privado para resistir la presidencia de joe biden segun ha publicado la cadena estadounidense cbs news  ', ' el expresidente donald trump fue acusado de siete cargos en la investigacion sobre el manejo de documentos clasificados del fiscal especial jack smith esta es la primera vez que un expresidente enfrenta cargos federales trump enfrenta un cargo en virtud de la ley de espionaje le dijo su abogado jim trusty a cnn este jueves asi como cargos de obstruccion de la justicia destruccion o falsificacion de registros conspiracion y declaraciones falsas  ', ' el departamento de justicia de estados unidos ha desvelado este viernes por la tarde una acusacion de  paginas contra el expresidente donald trump esta noticia llega despues de la renuncia de dos de los abogados de trump en el caso informa reuters la acusacion detalla  cargos contra el expresidente por su manejo de materiales sensibles del gobierno que se llevo consigo al abandonar la casa blanca en enero de  los cargos acusan a trump de retencion no autorizada de documentos clasificados y conspiracion para obstruir la justicia  ']"
23,229,23_suicidio_mental_vida_salud,"['suicidio', 'mental', 'vida', 'salud', 'personas', 'adolescentes', 'dolor', 'sintomas', 'miedo', 'cada', 'problemas', 'sufren', 'social', 'estudio', 'jovenes', 'situaciones', 'persona', 'estudios', 'problema', 'relaciones']","[' espana sufre una cifra record de suicidios que supera los  fallecidos anuales once muertes al dia que en realidad son bastantes mas porque los expertos estiman que entre el  y el  de estos decesos o no se detectan o bien se ocultan por el entorno de la victima el brutal impacto de la pandemia en la vida y la salud mental de muchos espanoles ha acelerado la tendencia al aumento continuado de las autolisis iniciado hace una decada con crecimientos especialmente acelerados y alarmantes entre jovenes y adolescentes  ', ' se trata de un articulo del instituto nacional de estadistica del reino unido acerca del suicidio informan de que los factores de riesgo asociados son el genero los hombres tienen un riesgo de suicidio al menos  veces mayor el divorcio porque el individuo se desconecta de su relacion domestica y de las normas sociales pueden experimentar sentimientos de verguenza culpa y dolor emocional la pobreza las personas que se encuentran en el  mas desfavorecido de la sociedad tienen mas del doble de probabilidades de morir por suicidio  ', ' un total de  personas fallecieron por suicidio en espana en el ano  lo que supone un incremento del  por ciento respecto a  ano anterior a la pandemia de la covid  asi lo refleja el estudio evolucion del suicidio en espana en este milenio presentado este jueves por el centro de investigacion biomedica en red de salud mental cibersam isciii en la universidad complutense de madrid el informe revela que en  primer ano de la pandemia un total de  personas fallecieron en espana por suicidio una cifra que supone  ']"
24,199,24_ferrovial_fallecido_actor_fallecio,"['ferrovial', 'fallecido', 'actor', 'fallecio', 'murio', 'cantante', 'muerto', 'actriz', 'bajos', 'edad', 'cancer', 'sede', 'anos', 'noticia', 'conocido', 'familia', 'confirmado', 'muerte', 'viernes', 'bolsa']","[' el cantante jake flint ha fallecido de forma repentina a la edad de  anos su muerte de produjo el pasado sabado horas despues de haber celebrado su boda junto a brenda flint por lo visto se desconocen las causas de su muerte aunque se sabe que el estadounidense fallecio mientras dormia con el mensaje de no entiendo su viuda ha mostrado su dolor por la terrible y repentina muerte de jake flint deberiamos estar revisando las fotos pero estoy eligiendo el traje para enterrar a mi marido  ', ' ha muerto chabelo y millones de familias comienzan su luto por el personaje que las acompano por decadas el comediante de  anos de edad ha fallecido por complicaciones medicas abdominales segun los primeros reportes habia superado un cancer de mal pronostico recientemente segun confirmo el mismo el ano pasado actor conductor de uno de los programas de la television mas longevos xavier lopez paso mas de  anos visitando los hogares mexicanos cada domingo con el espacio en familia con chabelo  ', ' el actor roonie turner hijo de la cantante tina tuner y del fuera su marido y pareja artistica ike turner ha fallecido en los angeles a los  anos confirmo este viernes su esposa en redes sociales sin dar detalles sobre el fallecimiento el portal digital tmz cuenta que los servicios de emergencia recibieron una llamada porque el actor tenia dificultades para respirar se encontraba en el exterior de su casa y murio minutos despues pese a la atencion de los paramedicos en redes sociales la esposa del interprete afida turner se desp  ']"
25,140,25_criptomonedas_moneda_inversores_valor,"['criptomonedas', 'moneda', 'inversores', 'valor', 'activos', 'dolares', 'mercado', 'digital', 'digitales', 'banco', 'bolsa', 'dinero', 'usuarios', 'euro', 'central', 'colapso', 'pagos', 'plataforma', 'valores', 'efectivo']","[' a lo largo del  pudimos ver el desplome del sector de las criptomonedas observando como bitcoin ethereum y otras criptos perdian gran parte de su valor este fue el momento donde la mineria de criptomonedas dejo de ser rentable y tras esto muchas empresas de criptomonedas quebraron una de ellas fue la plataforma de intercambio de criptomonedas ftx la cual tenia una deuda que pagar de miles de millones a sus acreedores y tras varios meses anuncian que hay  millones de dolares que no logran localizar tras el hackeo de noviembre  ', ' binance el intercambiador de criptomonedas mas grande del mundo esta luchando por mantener los activos a raiz del colapso del rival ftx los inversores han estado retirando sus criptomonedas en las ultimas semanas y a pesar de que el director ejecutivo changpeng zhao aseguro que la situacion se habia estabilizado las salidas se estan acelerando los clientes retiraron  millones de dolares netos el pasado viernes segun datos de la firma de criptodatos defillama  ', ' en medio de la represalia de la comision de bolsa y valores de los estados unidos sec en contra de los exchanges de criptomonedas un exfuncionario ha aconsejado a los inversores tomar la puerta de escape lo mas pronto posible john reed stark quien trabajo por mas de dos decadas como abogado de cumplimiento de la sec acudio a twitter para advertir a los usuarios de criptomonedas en ee uu que la represion de los reguladores apenas comienza y que lo mas sensato seria abandonar los intercambios de activos digitales  ']"
26,60,26_iran_mujeres_moral_camaras,"['iran', 'mujeres', 'moral', 'camaras', 'universidades', 'uso', 'policia', 'autoridades', 'policial', 'protestas', 'joven', 'prohibicion', 'regimen', 'acoso', 'religion', 'muerte', 'prohibido', 'restricciones', 'manifestantes', 'movimiento']","[' la policia de iran anuncio este sabado  de abril que esta instalando camaras en lugares publicos para identificar a las mujeres que no usen el velo segun informa la agencia efe en un comunicado citado por la agencia mizan afiliada al gobierno de iran la policia asegura que emplear las camaras para controlar el uso del hiyab es una innovadora medida para evitar tensiones y conflictos en la aplicacion de la ley del velo  ', ' la policia de iran reanudo el control del uso del hiyab por parte de mujeres en los coches mas de  dias despues de la muerte de la joven mahsa amini cuya muerte genero tensiones en todo el pais el programa esta orientado a detectar la ausencia del hiyab en los automoviles y enviara a la persona el mensaje el texto se detecto la ausencia del uso de velo en su vehiculo es necesario respetar las normas de la sociedad y no repetir este acto el texto advierte que si la accion se repite se aplicaran medidas legales y judiciales  ', ' china e iran pidieron a los gobernantes afganos que formen un gobierno inclusivo en el que puedan participar todos los grupos etnicos y politicos y que cancelen todas las medidas discriminatorias contra mujeres minorias etnicas y otras religiones indico un comunicado conjunto la defensa de los derechos de las mujeres afganas procedente del estricto regimen musulman chii irani llega despues de meses enfrenta protestas desencadenadas por la muerte de una joven cuando estaba detenida por supuestamente incumplir las normas de vestimenta  ']"
27,58,27_corto_demasiado_texto_debe,"['corto', 'demasiado', 'texto', 'debe', 'menos', 'ser', 'vineta', 'minimo', 'tener', 'sucede', 'indico', 'desastre', 'resumen', 'album', 'sirve', 'puedo', 'insultos', 'exige', 'breve', 'usa']","[' el texto es demasiado corto debe ser al menos de  caracteres ', ' el texto es demasiado corto debe ser al menos de  caracteres  ', ' el texto es demasiado corto debe ser al menos de  caracteres  ']"
28,51,28_cerebro_memoria_estructura_laboratorio,"['cerebro', 'memoria', 'estructura', 'laboratorio', 'humano', 'elevado', 'organo', 'empieza', 'color', 'cuerpo', 'vision', 'plazo', 'conciencia', 'nature', 'comprender', 'conexion', 'clave', 'aprender', 'entorno', 'demostrado']","[' un nuevo estudio ha identificado el talamo anterior como una region del cerebro que une el hipocampo y el cortex y que es clave en el proceso de consolidacion de la memoria segun publican los investigadores en la revista cell  se sabe bien donde empieza y donde acaba la memoria los recuerdos a corto plazo se forman en el hipocampo y si la situacion lo requiere se estabilizan en recuerdos a largo plazo en el cortex pero lo que ocurre en el sinuoso camino entre la memoria a corto plazo y la memoria a largo plazo es un misterio  ', ' que mecanismos hacen posible la inteligencia y el comportamiento humano la ciencia todavia desconoce aspectos esenciales del funcionamiento de la mente humana o de la comunicacion entre el cerebro y el resto del cuerpo pero los ultimos anos han sido especialmente importantes para establecer muchos avances este organo es el mas complejo que existe en el universo conocido y solo los apasionados de su estudio son capaces de acercarse a como se estructura y organiza ignacio morgado catedratico emerito de psicobiologia  ', ' la reconstruccion de experiencias visuales a partir de la actividad del cerebro humano ofrece una forma unica de comprender como el cerebro representa el mundo e interpretar la conexion entre los modelos de vision por computadora y nuestro sistema visual este nuevo metodo basado en un modelo de difusion dm permite reconstruir imagenes a partir de la actividad del cerebro humano obtenidas a traves de imagenes de resonancia magnetica funcional fmri mas especificamente usaron el modelo stable diffusion para reconstruir las imagenes vistas  ']"
